"Page","Section","Section Description"
"Home","Navbar","Company description:
DAYRADE is a skill-based esports arena for competitive day traders. Users compete in fair tournaments across three divisions (Elevator, Crusader, Raider), build AI spirit animal personas, and learn financial literacy through daily lessons and educational content.

Goals:
- Primary: Drive user sign-ups and KYC verification
- Secondary: Tournament registrations, community engagement via podcast/blog

Other relevant notes:
- Include these pages: Home, Onboarding Flow, KYC Verification, Trading Accounts & Tickets, Rewards & User Status, Divisions Overview, Elevator Division, Crusader Division, Raider Division, Tournaments Overview, Leaderboard, Schedule, Creator Kit, Learn Overview, Daily Lessons, Glossary, Community Overview, Podcast, Blog/Episodes, Player Spotlights, About Overview, Our Story, Contact/Support, FAQ
- Template pages for: Single Lesson, Single Glossary Term, Single Podcast Episode, Single Blog Post, Single Player Spotlight
- Design: Dual-theme (light/dark), Olymptrade style (dark, high-tech, 3D, neon accents)
- No social proof (startup)
- 6-10 sections per page"
"","Hero Header Section","H1: Trade Like a Pro. Compete Like an Athlete. Subhead: Skill-based arena where traders compete in fair tournaments. Build your persona, master markets, rise through ranks. CTA: Sign Up Now"
"","How It Works Section","H2: Your Path to Trading Mastery. 1️⃣ Create Persona – AI spirit animal + profile (2 min). 2️⃣ Learn & Practice – Daily lessons on psychology, risk, analysis. 3️⃣ Compete & Win – Tournaments with virtual capital. Prizes for skill. CTA: Start Your Journey"
"","Features List Section","H2: Three Divisions. One Arena. Elevator: Beginner, free entry, education + points. Crusader: Intermediate, low-cost tickets, up to $1K prizes. Raider: Advanced, premium tickets, up to $10K prizes. CTA: Explore Divisions"
"","Feature Section","H2: Why DAYRADE is Different. Other platforms isolate you and risk your money. Without structure, 90% lose. DAYRADE = Sport + Education + Esports. Fair Play: Same virtual capital—skill wins. Education: Daily lessons + glossary + practice. Transparency: No hidden fees or manipulation; anti-cheat. Community: Global traders, podcasts, shared strategies."
"","Feature Section","H2: Master Money. Not Just Markets. Understand markets, manage risk, and make informed choices. Learn or compete—we empower your financial future. CTA: Start Learning Today"
"","CTA Section","H2: Your Arena Awaits. Join traders sharpening skills, winning prizes, and mastering markets. Free account in 2 minutes. CTA: Sign Up Now"
"","Hero Header Section","H2: The Journey Begins. Headline: Your Journey to Legend Status Begins Now. Create your persona and join the arena—simple, fast, secure. CTA: Start the Journey"
"","Feature Section","H2: Enter Your Email. Headline: Enter Your Email. Your key to the arena; privacy respected. Input: Email + Continue"
"","Feature Section","H2: Connect a Social Account. Headline: Connect a Social Account. DAYRADE is community-driven; connect for verification and easy sharing. CTA: Twitter"
"","Footer",""
"How It Works","Navbar","Company description:
DAYRADE is a skill-based esports arena for competitive day traders. Users compete in fair tournaments across three divisions (Elevator, Crusader, Raider), build AI spirit animal personas, and learn financial literacy through daily lessons and educational content.

Goals:
- Primary: Drive user sign-ups and KYC verification
- Secondary: Tournament registrations, community engagement via podcast/blog

Other relevant notes:
- Include these pages: Home, Onboarding Flow, KYC Verification, Trading Accounts & Tickets, Rewards & User Status, Divisions Overview, Elevator Division, Crusader Division, Raider Division, Tournaments Overview, Leaderboard, Schedule, Creator Kit, Learn Overview, Daily Lessons, Glossary, Community Overview, Podcast, Blog/Episodes, Player Spotlights, About Overview, Our Story, Contact/Support, FAQ
- Template pages for: Single Lesson, Single Glossary Term, Single Podcast Episode, Single Blog Post, Single Player Spotlight
- Design: Dual-theme (light/dark), Olymptrade style (dark, high-tech, 3D, neon accents)
- No social proof (startup)
- 6-10 sections per page"
"","Hero Header Section","Your Journey to Legend Status Begins Now. Create your unique trading persona and join the arena. The path is simple, fast, and secure. CTA: Start the Journey (smooth scroll to next section)"
"","Feature Section","Enter Your Email: This is your key to the arena. We respect your privacy and will only use this for essential communication. Input Field: Email input with Continue button."
"","Feature Section","Connect a Social Account: DAYRADE is a community. Connecting an account helps us verify your identity and allows you to easily share your profile and achievements. CTA: Buttons for Twitter/X, Instagram, Discord, Twitch."
"","Feature Section","Generate Your Spirit Animal: Your persona is a reflection of your trading style. What animal represents you? (e.g., ""Wolf,"" ""Eagle,"" ""Dolphin,"" ""Dragon""). Our AI will generate a unique avatar for you. Interaction: User types any animal, AI generates custom avatar."
"","Feature Section","Your Digital Identity, Forged: This is your DAYRADE Profile Card. It's your link-in-bio, your digital resume, and your calling card for the entire trading world. Customize it to reflect your brand. Visual: 8-10 different profile card designs cycle through."
"","Feature Section","Add Your Links: Turn your profile card into your personal hub. Add all your social media accounts, websites, and projects. This is your space to own. Interaction: User adds social links and websites."
"","Feature Section","Get Your Affiliate Code: Share your card and earn rewards. When someone signs up through your link, you both get reward points that can be used for free tournament entries. The more you share, the more you earn. Visual: QR code and referral link generated."
"","Feature Section","Welcome to DAYRADE: Your profile is live. You can now explore the dashboard, watch live tournaments, and join the community. To compete, you need to become a validated user. Primary CTA: Explore the Dashboard. Secondary CTA: Become a Validated User (Start KYC)."
"","Feature Section","Become a Validated User: To compete in tournaments, purchase tickets, and unlock the full power of DAYRADE, you need to complete our fast and secure KYC process. This ensures a fair and safe arena for everyone. CTA: Start Secure KYC."
"","Footer",""
"Verification (KYC)","Navbar","Company description:
DAYRADE is a skill-based esports arena for competitive day traders. Users compete in fair tournaments across three divisions (Elevator, Crusader, Raider), build AI spirit animal personas, and learn financial literacy through daily lessons and educational content.

Goals:
- Primary: Drive user sign-ups and KYC verification
- Secondary: Tournament registrations, community engagement via podcast/blog

Other relevant notes:
- Include these pages: Home, Onboarding Flow, KYC Verification, Trading Accounts & Tickets, Rewards & User Status, Divisions Overview, Elevator Division, Crusader Division, Raider Division, Tournaments Overview, Leaderboard, Schedule, Creator Kit, Learn Overview, Daily Lessons, Glossary, Community Overview, Podcast, Blog/Episodes, Player Spotlights, About Overview, Our Story, Contact/Support, FAQ
- Template pages for: Single Lesson, Single Glossary Term, Single Podcast Episode, Single Blog Post, Single Player Spotlight
- Design: Dual-theme (light/dark), Olymptrade style (dark, high-tech, 3D, neon accents)
- No social proof (startup)
- 6-10 sections per page"
"","Hero Header Section","Mixed-Weight Headline: Secure. Fast. Required. Subheadline: To compete in tournaments and withdraw winnings, you must complete our secure KYC (Know Your Customer) verification. This ensures a fair arena and protects all users. CTA: Start Verification."
"","Feature Section","Why KYC Matters: Fair Play Requires Verified Players. Body: KYC prevents multiple accounts, fraud, and manipulation. It ensures that every trader competes on a level playing field. Your information is encrypted and never shared."
"","Feature Section","The Verification Process: Three Simple Steps. Step 1: Personal Information - Provide your full name, date of birth, and address. Step 2: Identity Document - Upload a government-issued ID (passport, driver's license, or national ID). Step 3: Verification - Our system verifies your information within 24 hours. You'll receive an email confirmation."
"","Feature Section","Your Data is Safe: Bank-Level Security. Body: We use 256-bit encryption and comply with international data protection standards. Your information is stored securely and never sold or shared with third parties."
"","CTA Section","Encourage users to complete the verification process now."
"","Footer",""
"Trading Accounts & Tickets","Navbar","Company description:
DAYRADE is a skill-based esports arena for competitive day traders. Users compete in fair tournaments across three divisions (Elevator, Crusader, Raider), build AI spirit animal personas, and learn financial literacy through daily lessons and educational content.

Goals:
- Primary: Drive user sign-ups and KYC verification
- Secondary: Tournament registrations, community engagement via podcast/blog

Other relevant notes:
- Include these pages: Home, Onboarding Flow, KYC Verification, Trading Accounts & Tickets, Rewards & User Status, Divisions Overview, Elevator Division, Crusader Division, Raider Division, Tournaments Overview, Leaderboard, Schedule, Creator Kit, Learn Overview, Daily Lessons, Glossary, Community Overview, Podcast, Blog/Episodes, Player Spotlights, About Overview, Our Story, Contact/Support, FAQ
- Template pages for: Single Lesson, Single Glossary Term, Single Podcast Episode, Single Blog Post, Single Player Spotlight
- Design: Dual-theme (light/dark), Olymptrade style (dark, high-tech, 3D, neon accents)
- No social proof (startup)
- 6-10 sections per page"
"","Hero Header Section","Mixed-Weight Headline: <span class=""weight-700"">Your Key</span> <span class=""weight-400"">to the</span> <span class=""weight-700 italic"">Arena.</span> Subheadline: Understand how tournament tickets and trading accounts work. Our system is designed for fairness, transparency, and simplicity."
"","Feature Section","How Tickets Work: Each tournament requires a ticket for entry. This ensures that all competitors have a vested interest in performing their best. Tickets can be purchased directly or earned through rewards and referrals."
"","Feature Section","Trading Accounts: When a tournament starts, your ticket grants you access to a special, tournament-only trading account, pre-funded with a set amount of virtual capital. Everyone in the tournament starts with the same amount. This is not your personal capital; it is the tournament's playing field. Your performance in this account determines your rank."
"","Feature Section","Transparency: Ticket prices are clearly displayed. There are no hidden fees, no withdrawal restrictions (for winnings), and no conflicts of interest. You know exactly what you're paying for and what you can win."
"","CTA Section","Encourage visitors to view the tournament schedule and participate."
"","Footer",""
"Rewards & User Status","Navbar","Company description:
DAYRADE is a skill-based esports arena for competitive day traders. Users compete in fair tournaments across three divisions (Elevator, Crusader, Raider), build AI spirit animal personas, and learn financial literacy through daily lessons and educational content.

Goals:
- Primary: Drive user sign-ups and KYC verification
- Secondary: Tournament registrations, community engagement via podcast/blog

Other relevant notes:
- Include these pages: Home, Onboarding Flow, KYC Verification, Trading Accounts & Tickets, Rewards & User Status, Divisions Overview, Elevator Division, Crusader Division, Raider Division, Tournaments Overview, Leaderboard, Schedule, Creator Kit, Learn Overview, Daily Lessons, Glossary, Community Overview, Podcast, Blog/Episodes, Player Spotlights, About Overview, Our Story, Contact/Support, FAQ
- Template pages for: Single Lesson, Single Glossary Term, Single Podcast Episode, Single Blog Post, Single Player Spotlight
- Design: Dual-theme (light/dark), Olymptrade style (dark, high-tech, 3D, neon accents)
- No social proof (startup)
- 6-10 sections per page"
"","Hero Header Section","Mixed-Weight Headline: <span class=""weight-700"">Earn More</span> <span class=""weight-400"">Than Just</span> <span class=""weight-700 italic"">Winnings.</span><br>Subheadline: In the DAYRADE arena, your skill earns you status, recognition, and rewards that go far beyond the prize pool."
"","Feature Section","Section Headline: How You Earn<br>Feature 1: Tournament Winnings - Finish in the top tier of a tournament to win real cash, which can be withdrawn or used to fund your personal trading.<br>Feature 2: Reward Points - Earn Reward Points for completing daily lessons, participating in community events, and referring new users. Redeem points for free tournament tickets.<br>Feature 3: Leaderboard Recognition - Your performance is tracked publicly. Climb the leaderboard and earn respect from the entire community."
"","Feature Section","Section Headline: Climb the Ranks of Status<br>Body: As you compete and learn, your user status grows, unlocking new perks and recognition.<br>Visual: Progression path showing status levels (e.g., Novice → Apprentice → Contender → Pro → Veteran → Legend) with perks at each level<br>Example Perks: Early access to new tournaments, Exclusive community channels, Priority customer support, Featured profile on homepage."
"","CTA Section","Section Headline: <span class=""weight-700"">Start Earning</span> <span class=""weight-400"">Today.</span><br>CTA: Enter Your First Tournament"
"","Footer",""
"Divisions","Navbar","Company description:
DAYRADE is a skill-based esports arena for competitive day traders. Users compete in fair tournaments across three divisions (Elevator, Crusader, Raider), build AI spirit animal personas, and learn financial literacy through daily lessons and educational content.

Goals:
- Primary: Drive user sign-ups and KYC verification
- Secondary: Tournament registrations, community engagement via podcast/blog

Other relevant notes:
- Include these pages: Home, Onboarding Flow, KYC Verification, Trading Accounts & Tickets, Rewards & User Status, Divisions Overview, Elevator Division, Crusader Division, Raider Division, Tournaments Overview, Leaderboard, Schedule, Creator Kit, Learn Overview, Daily Lessons, Glossary, Community Overview, Podcast, Blog/Episodes, Player Spotlights, About Overview, Our Story, Contact/Support, FAQ
- Template pages for: Single Lesson, Single Glossary Term, Single Podcast Episode, Single Blog Post, Single Player Spotlight
- Design: Dual-theme (light/dark), Olymptrade style (dark, high-tech, 3D, neon accents)
- No social proof (startup)
- 6-10 sections per page"
"","Hero Header Section","HTML<br><span class=""weight-700"">The Arena</span> <span class=""weight-400"">Where</span> <span class=""weight-700 italic"">Skill Wins.</span><br>Subheadline: DAYRADE tournaments are time-bound, skill-based competitions where every trader starts with the same virtual capital. Your performance determines your rank. Top performers win real prizes.<br>CTA: Enter a Tournament."
"","Feature Section","Section Headline: Find Your Division. Elevator Division: Perfect for beginners. Learn the fundamentals, practice your strategy, and earn free tickets to higher divisions. Crusader Division: For traders with a solid foundation. Compete for cash prizes and prove your consistency. Raider Division: Elite competition. The highest stakes, the biggest prizes, and the most intense trading environment.<br>CTA: View Division Details."
"","Feature Section","Section Headline: How Tournaments Work. Step 1: Registration Opens. Browse upcoming tournaments and register with a ticket. See the rules, prize pool, and start time. Step 2: Tournament Begins. All participants receive the same starting capital in a dedicated tournament account. Trade your strategy. Step 3: Live Leaderboard. Watch your rank in real-time. See who's climbing and who's falling. Step 4: Tournament Ends. Trading closes. Final rankings are calculated. Winners are announced. Step 5: Prizes Distributed. Top performers receive cash prizes or reward points, which are credited to their accounts within 24 hours."
"","Feature Section","HTML<br><span class=""weight-700"">Fair Play.</span> <span class=""weight-400"">Always.</span><br>Body: Every DAYRADE tournament operates under strict rules to ensure integrity. Our anti-cheat system monitors all activity. Everyone starts equal. Your skill is the only variable. Feature 1: Equal Starting Capital. No advantages. Everyone begins with the same amount. Feature 2: Verified Participants. KYC ensures one account per person. Feature 3: Transparent Rules. All tournament rules are published before registration. Feature 4: Real-Time Monitoring. Suspicious activity is flagged and investigated immediately."
"","Feature Section","HTML<br><span class=""weight-700"">Win More</span> <span class=""weight-400"">Than Just</span> <span class=""weight-700 italic"">Money.</span><br>Body: Top finishers earn cash prizes, reward points, and recognition. Your performance is tracked on the leaderboard, and your profile card displays your achievements for the entire community to see.<br>CTA: View Leaderboard."
"","Footer",""
"Elevator","Navbar","Company description:
DAYRADE is a skill-based esports arena for competitive day traders. Users compete in fair tournaments across three divisions (Elevator, Crusader, Raider), build AI spirit animal personas, and learn financial literacy through daily lessons and educational content.

Goals:
- Primary: Drive user sign-ups and KYC verification
- Secondary: Tournament registrations, community engagement via podcast/blog

Other relevant notes:
- Include these pages: Home, Onboarding Flow, KYC Verification, Trading Accounts & Tickets, Rewards & User Status, Divisions Overview, Elevator Division, Crusader Division, Raider Division, Tournaments Overview, Leaderboard, Schedule, Creator Kit, Learn Overview, Daily Lessons, Glossary, Community Overview, Podcast, Blog/Episodes, Player Spotlights, About Overview, Our Story, Contact/Support, FAQ
- Template pages for: Single Lesson, Single Glossary Term, Single Podcast Episode, Single Blog Post, Single Player Spotlight
- Design: Dual-theme (light/dark), Olymptrade style (dark, high-tech, 3D, neon accents)
- No social proof (startup)
- 6-10 sections per page"
"","Hero Header Section","HTML mixed-weight headline: <span class=""weight-700"">Start Here.</span> <span class=""weight-400"">Rise</span> <span class=""weight-700 italic"">Everywhere.</span> Subheadline: The Elevator Division is designed for beginners. Learn the fundamentals of day trading in a safe, supportive environment. No risk. All reward. CTA: Enter Elevator Division."
"","Feature Section","Problem: You want to learn day trading, but you're afraid of losing money. Most platforms throw you into the deep end with real capital and no guidance."
"","Feature Section","Agitate: Without structure or education, you're gambling, not trading. One bad decision can wipe out your account and your confidence."
"","Feature Section","Solution: The Elevator Division gives you a structured, risk-free environment to learn. Compete with virtual capital, access daily lessons, and build your skills before risking a single dollar."
"","Features List Section","Section Headline: Everything You Need to Start. Feature 1: Free Entry - No cost to join. Your registration gives you access to Elevator tournaments. Feature 2: Daily Lessons - Learn risk management, chart reading, and trading psychology from our curated curriculum. Feature 3: Real Competition - Compete against other beginners. Experience the pressure and excitement of live trading without the risk. Feature 4: Reward Points - Top performers earn points that can be redeemed for tickets to Crusader Division tournaments."
"","Feature Section","Section Headline: Perfect for Beginners. Body: If you're new to trading, curious about financial markets, or want to test your skills without risking money, the Elevator Division is your starting point. You'll learn the fundamentals, build confidence, and earn your way to higher divisions. CTA: Start Learning & Competing."
"","Footer",""
"Crusader","Navbar","Company description:
DAYRADE is a skill-based esports arena for competitive day traders. Users compete in fair tournaments across three divisions (Elevator, Crusader, Raider), build AI spirit animal personas, and learn financial literacy through daily lessons and educational content.

Goals:
- Primary: Drive user sign-ups and KYC verification
- Secondary: Tournament registrations, community engagement via podcast/blog

Other relevant notes:
- Include these pages: Home, Onboarding Flow, KYC Verification, Trading Accounts & Tickets, Rewards & User Status, Divisions Overview, Elevator Division, Crusader Division, Raider Division, Tournaments Overview, Leaderboard, Schedule, Creator Kit, Learn Overview, Daily Lessons, Glossary, Community Overview, Podcast, Blog/Episodes, Player Spotlights, About Overview, Our Story, Contact/Support, FAQ
- Template pages for: Single Lesson, Single Glossary Term, Single Podcast Episode, Single Blog Post, Single Player Spotlight
- Design: Dual-theme (light/dark), Olymptrade style (dark, high-tech, 3D, neon accents)
- No social proof (startup)
- 6-10 sections per page"
"","Hero Header Section","<span class=""weight-700"">Prove Your Skill.</span> <span class=""weight-400"">Earn</span> <span class=""weight-700 italic"">Real Rewards.</span> The Crusader Division is for traders who have mastered the basics and are ready to compete for cash prizes. Consistency wins here. CTA: Enter Crusader Division"
"","Feature Section","Built for Intermediate Traders - You know how to trade, but you struggle with consistency. You need structure, accountability, and a way to measure your progress against real competition. The Crusader Division provides all three."
"","Features List Section","Structure, Stakes, and Recognition - Feature 1: Low-Cost Entry - Affordable tickets give you access to tournaments with real cash prizes. Feature 2: Meaningful Prize Pools - Top performers win up to $1,000 per tournament. Feature 3: Performance Analytics - Track your win rate, average P&L, and rank over time. See where you excel and where you need to improve. Feature 4: Leaderboard Recognition - Climb the Crusader leaderboard and earn respect from the community."
"","Feature Section","For Traders Who Are Ready - If you've completed the Elevator Division or already have trading experience, the Crusader Division is where you prove your skill. This is where discipline and strategy separate winners from the rest. CTA: Enter a Crusader Tournament"
"","Footer",""
"Raider","Navbar","Company description:
DAYRADE is a skill-based esports arena for competitive day traders. Users compete in fair tournaments across three divisions (Elevator, Crusader, Raider), build AI spirit animal personas, and learn financial literacy through daily lessons and educational content.

Goals:
- Primary: Drive user sign-ups and KYC verification
- Secondary: Tournament registrations, community engagement via podcast/blog

Other relevant notes:
- Include these pages: Home, Onboarding Flow, KYC Verification, Trading Accounts & Tickets, Rewards & User Status, Divisions Overview, Elevator Division, Crusader Division, Raider Division, Tournaments Overview, Leaderboard, Schedule, Creator Kit, Learn Overview, Daily Lessons, Glossary, Community Overview, Podcast, Blog/Episodes, Player Spotlights, About Overview, Our Story, Contact/Support, FAQ
- Template pages for: Single Lesson, Single Glossary Term, Single Podcast Episode, Single Blog Post, Single Player Spotlight
- Design: Dual-theme (light/dark), Olymptrade style (dark, high-tech, 3D, neon accents)
- No social proof (startup)
- 6-10 sections per page"
"","Hero Header Section","<span class=""weight-700"">Elite Traders.</span> <span class=""weight-400"">Elite</span> <span class=""weight-700 italic"">Prizes.</span> The Raider Division is the pinnacle of DAYRADE competition. Only the most skilled and disciplined traders compete here. Prize pools reach $10,000. CTA: Enter Raider Division."
"","Feature Section","The Highest Stakes - Raider Division tournaments are not for everyone. Entry requires premium tickets, and the competition is fierce. But for those who rise to the challenge, the rewards are unmatched."
"","Features List Section","Maximum Competition, Maximum Reward - Premium Tournaments: Higher entry costs mean larger prize pools and more serious competition. $10,000 Prize Pools: Top finishers earn life-changing cash prizes. Elite Leaderboard: Your name on the Raider leaderboard is a mark of true skill. Exclusive Community: Connect with the best traders on the platform. Share strategies and insights."
"","Feature Section","For the Best of the Best - If you've dominated the Crusader Division and are ready for the ultimate test, the Raider Division awaits. This is where legends are made. CTA: Prove You Belong."
"","CTA Section","Encourage advanced traders to sign up and compete in the Raider Division."
"","Stats Section","Display key statistics about the Raider Division, including average prize pool amounts and success stories."
"","Testimonial Section","Quotes from top traders who have succeeded in the Raider Division, highlighting their experiences and rewards."
"","Contact Section","Provide contact information for support and inquiries specific to the Raider Division."
"","Footer",""
"Tournaments","Navbar","Company description:
DAYRADE is a skill-based esports arena for competitive day traders. Users compete in fair tournaments across three divisions (Elevator, Crusader, Raider), build AI spirit animal personas, and learn financial literacy through daily lessons and educational content.

Goals:
- Primary: Drive user sign-ups and KYC verification
- Secondary: Tournament registrations, community engagement via podcast/blog

Other relevant notes:
- Include these pages: Home, Onboarding Flow, KYC Verification, Trading Accounts & Tickets, Rewards & User Status, Divisions Overview, Elevator Division, Crusader Division, Raider Division, Tournaments Overview, Leaderboard, Schedule, Creator Kit, Learn Overview, Daily Lessons, Glossary, Community Overview, Podcast, Blog/Episodes, Player Spotlights, About Overview, Our Story, Contact/Support, FAQ
- Template pages for: Single Lesson, Single Glossary Term, Single Podcast Episode, Single Blog Post, Single Player Spotlight
- Design: Dual-theme (light/dark), Olymptrade style (dark, high-tech, 3D, neon accents)
- No social proof (startup)
- 6-10 sections per page"
"","Hero Header Section","H1: <span class=""weight-700"">Compete.</span> <span class=""weight-400"">Prove Your</span> <span class=""weight-700 italic"">Skill.</span> Subhead: DAYRADE tournaments are time-bound competitions where everyone starts equal. Trade with virtual capital. Climb the leaderboard. Win real prizes. CTA: View Schedule"
"","How It Works Section","H2: <span class=""weight-700"">Fair.</span> <span class=""weight-400"">Transparent.</span> <span class=""weight-700 italic"">Thrilling.</span> Registration — Browse schedule. Choose your tournament. Register with a ticket. Tournament Starts — Everyone receives same virtual capital. Trade your strategy. Live Leaderboard — Watch your rank in real-time. See who's climbing. Tournament Ends — Trading closes. Final rankings calculated. Winners announced. Prizes Distributed — Top performers receive cash or reward points within 24 hours."
"","Feature Section","H2: More Than Just Prizes Win Real Money — Cash prizes up to $10,000 in Raider Division. Build Your Skill — Compete under pressure. Learn what works. Improve fast. Earn Recognition — Climb the leaderboard. Get featured. Build your reputation. Join a Community — Connect with traders worldwide. Share strategies. Grow together."
"","Feature Section","H2: Built for Fairness Equal Starting Capital — Everyone begins with the same amount. Skill determines rank. Verified Participants — KYC ensures one account per person. No cheating. Transparent Rules — All rules published before registration. No surprises. Anti-Cheat System — Real-time monitoring. Suspicious activity flagged immediately."
"","CTA Section","H2: Get Started Schedule — Browse upcoming tournaments. See times, divisions, prize pools. Leaderboard — Check top performers. See where you rank. Creator Kit — Stream tournaments. Build your brand. Earn through affiliates. CTA: View Schedule"
"","Footer",""
"Leaderboard","Navbar","Company description:
DAYRADE is a skill-based esports arena for competitive day traders. Users compete in fair tournaments across three divisions (Elevator, Crusader, Raider), build AI spirit animal personas, and learn financial literacy through daily lessons and educational content.

Goals:
- Primary: Drive user sign-ups and KYC verification
- Secondary: Tournament registrations, community engagement via podcast/blog

Other relevant notes:
- Include these pages: Home, Onboarding Flow, KYC Verification, Trading Accounts & Tickets, Rewards & User Status, Divisions Overview, Elevator Division, Crusader Division, Raider Division, Tournaments Overview, Leaderboard, Schedule, Creator Kit, Learn Overview, Daily Lessons, Glossary, Community Overview, Podcast, Blog/Episodes, Player Spotlights, About Overview, Our Story, Contact/Support, FAQ
- Template pages for: Single Lesson, Single Glossary Term, Single Podcast Episode, Single Blog Post, Single Player Spotlight
- Design: Dual-theme (light/dark), Olymptrade style (dark, high-tech, 3D, neon accents)
- No social proof (startup)
- 6-10 sections per page"
"","Hero Header Section","<span class=""weight-700"">The Climb is Real.</span> <span class=""weight-400"">This is where</span> <span class=""weight-700 italic"">legends are made.</span>. Track the top performers across all divisions. Filter by global rank, division, or follow your friends to see who has the ultimate edge. Filter Options: Global"
"","Feature Section","Dynamic leaderboard table with columns for Rank, Spirit Animal Avatar, Trader Name, P&L / Score, Win Rate %, and a Follow button. Clicking a row expands to show detailed stats."
"","CTA Section","<span class=""weight-700"">Your Name</span> <span class=""weight-400"">Could Be</span> <span class=""weight-700 italic"">Up There.</span>. The only way to climb is to compete. Enter the Elevator division, prove your skill, and start your journey to the top. CTA: Enter a Tournament."
"","Footer",""
"Schedule","Navbar","Company description:
DAYRADE is a skill-based esports arena for competitive day traders. Users compete in fair tournaments across three divisions (Elevator, Crusader, Raider), build AI spirit animal personas, and learn financial literacy through daily lessons and educational content.

Goals:
- Primary: Drive user sign-ups and KYC verification
- Secondary: Tournament registrations, community engagement via podcast/blog

Other relevant notes:
- Include these pages: Home, Onboarding Flow, KYC Verification, Trading Accounts & Tickets, Rewards & User Status, Divisions Overview, Elevator Division, Crusader Division, Raider Division, Tournaments Overview, Leaderboard, Schedule, Creator Kit, Learn Overview, Daily Lessons, Glossary, Community Overview, Podcast, Blog/Episodes, Player Spotlights, About Overview, Our Story, Contact/Support, FAQ
- Template pages for: Single Lesson, Single Glossary Term, Single Podcast Episode, Single Blog Post, Single Player Spotlight
- Design: Dual-theme (light/dark), Olymptrade style (dark, high-tech, 3D, neon accents)
- No social proof (startup)
- 6-10 sections per page"
"","Hero Header Section","HTML: <span class=""weight-700"">Plan Your Edge.</span> <span class=""weight-400"">Know when to</span> <span class=""weight-700 italic"">trade and when to watch.</span> Subheadline: Our integrated calendar shows you all upcoming DAYRADE tournaments and key market-moving economic events. Sync with your personal calendar and never miss a beat. CTA: Sync to Your Calendar"
"","Feature Section","Introduction to the schedule page and its importance for traders."
"","Feature Section","Explanation of the different types of events: Tournaments and Economic Events."
"","Feature Section","Details on filtering options: show only tournaments, only high-impact events, or both."
"","Feature Section","Highlight the interactive features: Click an event to open a modal with details and registration button."
"","Feature Section","Information on how to sync the calendar with your personal calendar."
"","Feature Section","Provide tips on how to use the schedule to maximize trading opportunities."
"","Feature Section","Showcase a sample of upcoming key events for the next week."
"","Contact Section","Provide contact information for support and inquiries related to the schedule and events."
"","Footer",""
"Creator Kit","Navbar","Company description:
DAYRADE is a skill-based esports arena for competitive day traders. Users compete in fair tournaments across three divisions (Elevator, Crusader, Raider), build AI spirit animal personas, and learn financial literacy through daily lessons and educational content.

Goals:
- Primary: Drive user sign-ups and KYC verification
- Secondary: Tournament registrations, community engagement via podcast/blog

Other relevant notes:
- Include these pages: Home, Onboarding Flow, KYC Verification, Trading Accounts & Tickets, Rewards & User Status, Divisions Overview, Elevator Division, Crusader Division, Raider Division, Tournaments Overview, Leaderboard, Schedule, Creator Kit, Learn Overview, Daily Lessons, Glossary, Community Overview, Podcast, Blog/Episodes, Player Spotlights, About Overview, Our Story, Contact/Support, FAQ
- Template pages for: Single Lesson, Single Glossary Term, Single Podcast Episode, Single Blog Post, Single Player Spotlight
- Design: Dual-theme (light/dark), Olymptrade style (dark, high-tech, 3D, neon accents)
- No social proof (startup)
- 6-10 sections per page"
"","Hero Header Section","<span class=""weight-700"">Stream Dayrade</span> <span class=""weight-400"">Like a</span> <span class=""weight-700 italic"">Pro.</span> We believe in community-driven growth. The Creator Kit helps streamers, educators, and commentators represent Dayrade authentically. Get logos, overlays, stingers, and 3D avatars ready for OBS and Unreal Engine. Everything PG-safe and brand-aligned. CTA: Download Kit"
"","Feature Section","Section Headline: Keep It Consistent. Body: Keep the color palette consistent: #0B0E12 background, #00FFC6 and #FF6A3D accents, Plus Jakarta Sans typography. Don't distort logos or add slogans. When in doubt, ask our media team for approval. We support creativity but protect clarity."
"","Feature Section","Section Headline: Grow Together. Body: Affiliates earn revenue through referral codes and sponsored segments. Streamers with verified status get early access to Raider streams and media drops. Collaboration turns audience into community. CTA: Apply for Partnership"
"","CTA Section","Section Headline: Build Your Brand Inside Ours. Primary CTA: Download Kit. Secondary CTA: Apply for Partnership"
"","Footer",""
"Learn","Navbar","Company description:
DAYRADE is a skill-based esports arena for competitive day traders. Users compete in fair tournaments across three divisions (Elevator, Crusader, Raider), build AI spirit animal personas, and learn financial literacy through daily lessons and educational content.

Goals:
- Primary: Drive user sign-ups and KYC verification
- Secondary: Tournament registrations, community engagement via podcast/blog

Other relevant notes:
- Include these pages: Home, Onboarding Flow, KYC Verification, Trading Accounts & Tickets, Rewards & User Status, Divisions Overview, Elevator Division, Crusader Division, Raider Division, Tournaments Overview, Leaderboard, Schedule, Creator Kit, Learn Overview, Daily Lessons, Glossary, Community Overview, Podcast, Blog/Episodes, Player Spotlights, About Overview, Our Story, Contact/Support, FAQ
- Template pages for: Single Lesson, Single Glossary Term, Single Podcast Episode, Single Blog Post, Single Player Spotlight
- Design: Dual-theme (light/dark), Olymptrade style (dark, high-tech, 3D, neon accents)
- No social proof (startup)
- 6-10 sections per page"
"","Hero Header Section","H1: <span class=""weight-700"">Master Money.</span> <span class=""weight-400"">Master</span> <span class=""weight-700 italic"">Markets.</span> Subhead: DAYRADE isn't just competition—it's education. Learn trading psychology, risk management, technical analysis, and market fundamentals. Free, accessible, actionable. CTA: Start Learning"
"","Feature Section","H2: <span class=""weight-700"">Knowledge</span> <span class=""weight-400"">is Your</span> <span class=""weight-700 italic"">Edge.</span> Body: 90% of traders lose because they lack education. Markets reward discipline, not luck. Whether you compete or just want to understand finance, we provide the foundation."
"","Features List Section","H2: Build Your Financial Foundation. Trading Psychology — Control emotions. Avoid revenge trading. Build discipline. Risk Management — Protect capital. Size positions correctly. Never blow up. Technical Analysis — Read charts. Identify patterns. Time entries. Market Fundamentals — Understand economics. Follow news. Think like a pro."
"","Features List Section","H2: Choose Your Path. Daily Lessons — Bite-sized lessons on key concepts. New content daily. Interactive quizzes. Glossary — Decode financial jargon. From ""Arbitrage"" to ""Zigzag Indicator."" Simple definitions. Courses (Coming Soon) — Structured multi-week programs. Beginner to advanced. CTA: Browse Daily Lessons"
"","Feature Section","H2: <span class=""weight-700"">Apply What</span> <span class=""weight-400"">You</span> <span class=""weight-700 italic"">Learn.</span> Body: Knowledge without action is useless. Take lessons into Elevator Division. Practice risk-free. See your skills improve. CTA: Enter Elevator Division"
"","Footer",""
"Daily Lessons","Navbar","Company description:
DAYRADE is a skill-based esports arena for competitive day traders. Users compete in fair tournaments across three divisions (Elevator, Crusader, Raider), build AI spirit animal personas, and learn financial literacy through daily lessons and educational content.

Goals:
- Primary: Drive user sign-ups and KYC verification
- Secondary: Tournament registrations, community engagement via podcast/blog

Other relevant notes:
- Include these pages: Home, Onboarding Flow, KYC Verification, Trading Accounts & Tickets, Rewards & User Status, Divisions Overview, Elevator Division, Crusader Division, Raider Division, Tournaments Overview, Leaderboard, Schedule, Creator Kit, Learn Overview, Daily Lessons, Glossary, Community Overview, Podcast, Blog/Episodes, Player Spotlights, About Overview, Our Story, Contact/Support, FAQ
- Template pages for: Single Lesson, Single Glossary Term, Single Podcast Episode, Single Blog Post, Single Player Spotlight
- Design: Dual-theme (light/dark), Olymptrade style (dark, high-tech, 3D, neon accents)
- No social proof (startup)
- 6-10 sections per page"
"","Hero Header Section","Mixed-Weight Headline: <span class=""weight-700"">Master the Markets,</span> <span class=""weight-400"">One</span> <span class=""weight-700 italic"">Lesson at a Time.</span> Subheadline: Our daily lessons break down complex financial topics into simple, actionable insights. Build your knowledge, boost your confidence, and make smarter decisions—in and out of the arena."
"","Feature Section","H2: Find Your Next Lesson. Visual: Filterable grid of lesson cards (title, difficulty tag, completion time). Filter Categories: • Trading Psychology • Technical Analysis • Risk Management • Market Fundamentals. Featured Lesson: ""The 3 Pillars of a Trading Plan"""
"","How It Works Section","H2: Learn, Practice, Master. Step 1: Daily Insights - New lessons are added daily. Learn about a new concept in just a few minutes. Step 2: Interactive Quizzes - Test your knowledge with a short quiz at the end of each lesson to reinforce learning. Step 3: Apply in the Arena - Take what you've learned and apply it in the low-stakes Elevator division to see your new skills in action."
"","CTA Section","H2: <span class=""weight-700"">Invest in</span> <span class=""weight-400"">Your Most</span> <span class=""weight-700 italic"">Important Asset: You.</span> CTA: Start Your First Lesson"
"","Footer",""
"Single Lesson Page","Navbar","Company description:
DAYRADE is a skill-based esports arena for competitive day traders. Users compete in fair tournaments across three divisions (Elevator, Crusader, Raider), build AI spirit animal personas, and learn financial literacy through daily lessons and educational content.

Goals:
- Primary: Drive user sign-ups and KYC verification
- Secondary: Tournament registrations, community engagement via podcast/blog

Other relevant notes:
- Include these pages: Home, Onboarding Flow, KYC Verification, Trading Accounts & Tickets, Rewards & User Status, Divisions Overview, Elevator Division, Crusader Division, Raider Division, Tournaments Overview, Leaderboard, Schedule, Creator Kit, Learn Overview, Daily Lessons, Glossary, Community Overview, Podcast, Blog/Episodes, Player Spotlights, About Overview, Our Story, Contact/Support, FAQ
- Template pages for: Single Lesson, Single Glossary Term, Single Podcast Episode, Single Blog Post, Single Player Spotlight
- Design: Dual-theme (light/dark), Olymptrade style (dark, high-tech, 3D, neon accents)
- No social proof (startup)
- 6-10 sections per page"
"","Blog Post Header Section","Header with the lesson title and a brief introduction to the lesson."
"","Feature Section","Highlight the key takeaway or main idea of the lesson."
"","Blog Post Body Section","Detailed content of the lesson, broken down into easily digestible sections."
"","Features List Section","Three important points or strategies covered in the lesson."
"","Benefits Section","How applying the lesson can benefit the trader’s skills and performance."
"","How It Works Section","Step-by-step guide or actionable steps based on the lesson content."
"","CTA Section","Encourage users to apply the lesson by joining a tournament or practicing in a demo account."
"","Testimonial Section","Quote or feedback from an expert or experienced trader about the lesson’s topic."
"","Contact Section","Provide contact details for further questions or support related to the lesson."
"","Newsletter Section","Prompt users to sign up for the newsletter for more lessons and updates."
"","Footer",""
"Glossary","Navbar","Company description:
DAYRADE is a skill-based esports arena for competitive day traders. Users compete in fair tournaments across three divisions (Elevator, Crusader, Raider), build AI spirit animal personas, and learn financial literacy through daily lessons and educational content.

Goals:
- Primary: Drive user sign-ups and KYC verification
- Secondary: Tournament registrations, community engagement via podcast/blog

Other relevant notes:
- Include these pages: Home, Onboarding Flow, KYC Verification, Trading Accounts & Tickets, Rewards & User Status, Divisions Overview, Elevator Division, Crusader Division, Raider Division, Tournaments Overview, Leaderboard, Schedule, Creator Kit, Learn Overview, Daily Lessons, Glossary, Community Overview, Podcast, Blog/Episodes, Player Spotlights, About Overview, Our Story, Contact/Support, FAQ
- Template pages for: Single Lesson, Single Glossary Term, Single Podcast Episode, Single Blog Post, Single Player Spotlight
- Design: Dual-theme (light/dark), Olymptrade style (dark, high-tech, 3D, neon accents)
- No social proof (startup)
- 6-10 sections per page"
"","Hero Header Section","Mixed-Weight Headline: <span class=""weight-700"">The Ultimate</span> <span class=""weight-400"">Financial</span> <span class=""weight-700 italic"">Decoder.</span> Subheadline: From ""Arbitrage"" to ""Zigzag Indicator,"" our glossary breaks down complex trading terms into simple, easy-to-understand definitions. Never feel lost in the jargon again. Search Bar: Prominent, beautifully designed search bar."
"","Features List Section","H2: The Glossary A-Z. Visual: Alphabetical index (click a letter to scroll to that section). Interaction: Each term is a clickable card that expands to reveal: 1️⃣ Simple Definition. 2️⃣ Example. 3️⃣ Related Lessons (links to Daily Lessons)."
"","Footer",""
"Single Glossary Term Page","Navbar","Company description:
DAYRADE is a skill-based esports arena for competitive day traders. Users compete in fair tournaments across three divisions (Elevator, Crusader, Raider), build AI spirit animal personas, and learn financial literacy through daily lessons and educational content.

Goals:
- Primary: Drive user sign-ups and KYC verification
- Secondary: Tournament registrations, community engagement via podcast/blog

Other relevant notes:
- Include these pages: Home, Onboarding Flow, KYC Verification, Trading Accounts & Tickets, Rewards & User Status, Divisions Overview, Elevator Division, Crusader Division, Raider Division, Tournaments Overview, Leaderboard, Schedule, Creator Kit, Learn Overview, Daily Lessons, Glossary, Community Overview, Podcast, Blog/Episodes, Player Spotlights, About Overview, Our Story, Contact/Support, FAQ
- Template pages for: Single Lesson, Single Glossary Term, Single Podcast Episode, Single Blog Post, Single Player Spotlight
- Design: Dual-theme (light/dark), Olymptrade style (dark, high-tech, 3D, neon accents)
- No social proof (startup)
- 6-10 sections per page"
"","Header Section","Title of the glossary term and a brief definition or description."
"","Feature Section","Detailed explanation of the glossary term, including its significance in trading and financial markets."
"","How It Works Section","Breakdown of how the term is applied in real-world trading scenarios, with examples."
"","Testimonial Section","Quotes or insights from experts or traders on the importance of understanding this term."
"","Benefits Section","Benefits of understanding and applying the glossary term in day trading."
"","Features List Section","Related terms or concepts that are connected to the glossary term."
"","CTA Section","Encourage readers to explore more glossary terms or sign up for DAYRADE to improve their trading skills."
"","Contact Section","Provide contact information for further inquiries or support related to the glossary term."
"","Footer",""
"Community","Navbar","Company description:
DAYRADE is a skill-based esports arena for competitive day traders. Users compete in fair tournaments across three divisions (Elevator, Crusader, Raider), build AI spirit animal personas, and learn financial literacy through daily lessons and educational content.

Goals:
- Primary: Drive user sign-ups and KYC verification
- Secondary: Tournament registrations, community engagement via podcast/blog

Other relevant notes:
- Include these pages: Home, Onboarding Flow, KYC Verification, Trading Accounts & Tickets, Rewards & User Status, Divisions Overview, Elevator Division, Crusader Division, Raider Division, Tournaments Overview, Leaderboard, Schedule, Creator Kit, Learn Overview, Daily Lessons, Glossary, Community Overview, Podcast, Blog/Episodes, Player Spotlights, About Overview, Our Story, Contact/Support, FAQ
- Template pages for: Single Lesson, Single Glossary Term, Single Podcast Episode, Single Blog Post, Single Player Spotlight
- Design: Dual-theme (light/dark), Olymptrade style (dark, high-tech, 3D, neon accents)
- No social proof (startup)
- 6-10 sections per page"
"","Hero Header Section","H1: <span class=""weight-700"">Trade Alone.</span> <span class=""weight-400"">Win</span> <span class=""weight-700 italic"">Together.</span> Subhead: DAYRADE is more than a platform—it's a community. Learn from pros, share strategies, celebrate wins, and grow with traders worldwide. CTA: Join Discord"
"","Feature Section","H2: <span class=""weight-700"">Isolation</span> <span class=""weight-400"">Kills</span> <span class=""weight-700 italic"">Traders.</span> Body: Trading alone means no feedback, no accountability, no support. Our community provides all three. Learn faster. Stay disciplined. Celebrate together."
"","Features List Section","H2: Connect, Learn, Grow Podcast — Weekly insights, pro interviews, tournament recaps. Your dose of market wisdom. Blog & Episodes — In-depth articles, transcripts, analysis. Deep-dive content. Player Spotlights — Real stories from traders climbing the ranks. Learn their strategies. Discord (Coming Soon) — Real-time chat. Strategy sharing. Live support. Streams (Coming Soon) — Watch top traders compete live. Learn by observing. CTA: Explore Content"
"","Feature Section","H2: <span class=""weight-700"">Your Story</span> <span class=""weight-400"">Could Be</span> <span class=""weight-700 italic"">Next.</span> Body: Consistent performer? Unique strategy? Powerful comeback story? We feature community members on our podcast and blog. Share your journey. CTA: Submit Your Story"
"","Feature Section","H2: Build Your Brand with Ours Body: Streamers, educators, content creators—partner with DAYRADE. Access our Creator Kit, earn through affiliates, grow your audience. CTA: View Creator Kit"
"","Footer",""
"Podcast","Navbar","Company description:
DAYRADE is a skill-based esports arena for competitive day traders. Users compete in fair tournaments across three divisions (Elevator, Crusader, Raider), build AI spirit animal personas, and learn financial literacy through daily lessons and educational content.

Goals:
- Primary: Drive user sign-ups and KYC verification
- Secondary: Tournament registrations, community engagement via podcast/blog

Other relevant notes:
- Include these pages: Home, Onboarding Flow, KYC Verification, Trading Accounts & Tickets, Rewards & User Status, Divisions Overview, Elevator Division, Crusader Division, Raider Division, Tournaments Overview, Leaderboard, Schedule, Creator Kit, Learn Overview, Daily Lessons, Glossary, Community Overview, Podcast, Blog/Episodes, Player Spotlights, About Overview, Our Story, Contact/Support, FAQ
- Template pages for: Single Lesson, Single Glossary Term, Single Podcast Episode, Single Blog Post, Single Player Spotlight
- Design: Dual-theme (light/dark), Olymptrade style (dark, high-tech, 3D, neon accents)
- No social proof (startup)
- 6-10 sections per page"
"","Hero Header Section","HTML: <span class=""weight-700"">The Dayrade Down-Low:</span> <span class=""weight-400"">The Official</span> <span class=""weight-700 italic"">Podcast.</span> Subheadline: Tune in for weekly insights, pro trader interviews, tournament recaps, and deep dives into the psychology of winning. Your weekly dose of market wisdom and community stories. Subscription Buttons: Spotify"
"","Feature Section","Visual: Large featured card with: Embedded audio player, Episode Title & Number, Show Notes (brief summary), Guest Bio (if applicable), Key Takeaways (3-4 bullet points)"
"","Feature Section","Section Headline: Explore the Archives. Visual: Filterable grid of past episode cards. Filter Categories: Trader Interviews, Psychology & Discipline, Tournament Strategy, Market News"
"","Feature Section","Section Headline: You Could Be Our Next Guest. Body: We believe the best stories come from our community. Are you a trader with a unique strategy, a powerful story of overcoming challenges, or a consistent track record in our tournaments? We want to hear from you. CTA: Share Your Story"
"","Footer",""
"Blog / Episodes","Navbar","Company description:
DAYRADE is a skill-based esports arena for competitive day traders. Users compete in fair tournaments across three divisions (Elevator, Crusader, Raider), build AI spirit animal personas, and learn financial literacy through daily lessons and educational content.

Goals:
- Primary: Drive user sign-ups and KYC verification
- Secondary: Tournament registrations, community engagement via podcast/blog

Other relevant notes:
- Include these pages: Home, Onboarding Flow, KYC Verification, Trading Accounts & Tickets, Rewards & User Status, Divisions Overview, Elevator Division, Crusader Division, Raider Division, Tournaments Overview, Leaderboard, Schedule, Creator Kit, Learn Overview, Daily Lessons, Glossary, Community Overview, Podcast, Blog/Episodes, Player Spotlights, About Overview, Our Story, Contact/Support, FAQ
- Template pages for: Single Lesson, Single Glossary Term, Single Podcast Episode, Single Blog Post, Single Player Spotlight
- Design: Dual-theme (light/dark), Olymptrade style (dark, high-tech, 3D, neon accents)
- No social proof (startup)
- 6-10 sections per page"
"","Hero Header Section","Mixed-Weight Headline: <span class=""weight-700"">The Dayrade Debrief:</span> <span class=""weight-400"">Insights &</span> <span class=""weight-700 italic"">Analysis.</span> Subheadline: In-depth articles, podcast episode transcripts, and written analysis from our team of experts. Your go-to source for deep-dive content."
"","Blog List Section","Visual: Classic blog layout with a list of articles featuring a large, prominent post at the top. Each item includes a featured image, title, excerpt, and author. Categories: Podcast Transcripts, Market Analysis, Community Stories, Platform Updates."
"","Footer",""
"Player Spotlights","Navbar","Company description:
DAYRADE is a skill-based esports arena for competitive day traders. Users compete in fair tournaments across three divisions (Elevator, Crusader, Raider), build AI spirit animal personas, and learn financial literacy through daily lessons and educational content.

Goals:
- Primary: Drive user sign-ups and KYC verification
- Secondary: Tournament registrations, community engagement via podcast/blog

Other relevant notes:
- Include these pages: Home, Onboarding Flow, KYC Verification, Trading Accounts & Tickets, Rewards & User Status, Divisions Overview, Elevator Division, Crusader Division, Raider Division, Tournaments Overview, Leaderboard, Schedule, Creator Kit, Learn Overview, Daily Lessons, Glossary, Community Overview, Podcast, Blog/Episodes, Player Spotlights, About Overview, Our Story, Contact/Support, FAQ
- Template pages for: Single Lesson, Single Glossary Term, Single Podcast Episode, Single Blog Post, Single Player Spotlight
- Design: Dual-theme (light/dark), Olymptrade style (dark, high-tech, 3D, neon accents)
- No social proof (startup)
- 6-10 sections per page"
"","Hero Header Section","HTML <span class=""weight-700"">From the Arena:</span> <span class=""weight-400"">The Stories</span> <span class=""weight-700 italic"">Behind the Stats.</span> Subheadline: Meet the traders who are climbing the ranks. Learn their strategies, their struggles, and their secrets to success. These are the legends in the making."
"","Feature Section","H2: Meet the Legends. Brief intro to the featured traders and what makes them unique. Highlight the diversity in strategies and backgrounds."
"","Gallery Section","H2: The Spotlights. A grid of beautifully designed profile cards for each featured trader. Each card includes a thumbnail image, name, division, and a short teaser. Interaction: Click a card to read the full interview."
"","Feature Section","H2: Trader of the Month. Highlight the standout trader of the month with a larger card. Include a brief excerpt from their interview and a CTA to read the full story."
"","Features List Section","H2: What You'll Learn. 1️⃣ Their Story: How they got started in trading. 2️⃣ Their Strategy: High-level overview of their trading approach. 3️⃣ Their Advice: Tips for new traders. 4️⃣ Their DAYRADE Journey: How the platform helped them. 5️⃣ Social Links: Links to their profile and social media."
"","CTA Section","H2: Think You Have What It Takes? Join DAYRADE and start your journey to become the next featured trader. CTA: Sign Up Now"
"","Footer",""
"About","Navbar","Company description:
DAYRADE is a skill-based esports arena for competitive day traders. Users compete in fair tournaments across three divisions (Elevator, Crusader, Raider), build AI spirit animal personas, and learn financial literacy through daily lessons and educational content.

Goals:
- Primary: Drive user sign-ups and KYC verification
- Secondary: Tournament registrations, community engagement via podcast/blog

Other relevant notes:
- Include these pages: Home, Onboarding Flow, KYC Verification, Trading Accounts & Tickets, Rewards & User Status, Divisions Overview, Elevator Division, Crusader Division, Raider Division, Tournaments Overview, Leaderboard, Schedule, Creator Kit, Learn Overview, Daily Lessons, Glossary, Community Overview, Podcast, Blog/Episodes, Player Spotlights, About Overview, Our Story, Contact/Support, FAQ
- Template pages for: Single Lesson, Single Glossary Term, Single Podcast Episode, Single Blog Post, Single Player Spotlight
- Design: Dual-theme (light/dark), Olymptrade style (dark, high-tech, 3D, neon accents)
- No social proof (startup)
- 6-10 sections per page"
"","Hero Header Section","H1: <span class=""weight-700"">Trading Should Be</span> <span class=""weight-400"">a</span> <span class=""weight-700 italic"">Sport.</span> Subhead: We're building the arena where skill wins, education empowers, and community thrives. Fair. Transparent. For everyone. CTA: Read Our Story"
"","Feature Section","H2: <span class=""weight-700"">Democratize</span> <span class=""weight-400"">Financial</span> <span class=""weight-700 italic"">Skill.</span> Body: Most trading platforms are predatory. We're different. Our mission: provide a transparent, skill-based arena where anyone can compete, improve, and succeed. Education. Integrity. Community."
"","Feature Section","H2: What We Stand For Body: **Fairness** — Everyone starts equal. Skill determines rank, not bank account. **Education** — Financial literacy is a right, not a privilege. Free for all. **Transparency** — No hidden fees. No manipulation. Clear rules. Open communication. **Community** — Traders support traders. We grow together."
"","Features List Section","H2: Get to Know Us List: - **Our Story** — How DAYRADE was born and where we're headed. - **Contact & Support** — Questions? Issues? We're here to help. - **FAQ** — Answers to common questions about tournaments, rewards, and safety. CTA: Explore"
"","Footer",""
"About","Navbar","Company description:
DAYRADE is a skill-based esports arena for competitive day traders. Users compete in fair tournaments across three divisions (Elevator, Crusader, Raider), build AI spirit animal personas, and learn financial literacy through daily lessons and educational content.

Goals:
- Primary: Drive user sign-ups and KYC verification
- Secondary: Tournament registrations, community engagement via podcast/blog

Other relevant notes:
- Include these pages: Home, Onboarding Flow, KYC Verification, Trading Accounts & Tickets, Rewards & User Status, Divisions Overview, Elevator Division, Crusader Division, Raider Division, Tournaments Overview, Leaderboard, Schedule, Creator Kit, Learn Overview, Daily Lessons, Glossary, Community Overview, Podcast, Blog/Episodes, Player Spotlights, About Overview, Our Story, Contact/Support, FAQ
- Template pages for: Single Lesson, Single Glossary Term, Single Podcast Episode, Single Blog Post, Single Player Spotlight
- Design: Dual-theme (light/dark), Olymptrade style (dark, high-tech, 3D, neon accents)
- No social proof (startup)
- 6-10 sections per page"
"","Hero Header Section","Mixed-Weight Headline: <span class=""weight-700"">We Believe</span> <span class=""weight-400"">Trading Should Be</span> <span class=""weight-700 italic"">a Sport.</span> Subheadline: DAYRADE was founded by a team of traders, gamers, and technologists who were tired of the lonely, unstructured, and often predatory world of retail trading. We decided to build something better."
"","Feature Section","Section Headline: Our Mission: To Make Trading Fair, Accessible, and Engaging. Body: Our mission is to democratize financial skill by providing a transparent, skill-based arena where anyone can compete and improve. We are committed to fostering a community built on integrity, education, and healthy competition. We believe that by treating trading like a sport, we can elevate the entire industry and empower a new generation of informed, disciplined traders."
"","Feature Section","Section Headline: The Minds Behind the Arena. Visual: Professional headshots or character portraits of the founding team. Content: Short bios for each key team member, highlighting expertise in finance, technology, and gaming."
"","Feature Section","H2: The DAYRADE Difference. Body: Unlike traditional trading platforms, DAYRADE offers a structured, esport-inspired experience. Compete in time-bound tournaments with transparent rules and fair play. Our unique approach blends financial education with competitive excitement, making trading accessible to everyone, regardless of experience."
"","Features List Section","H2: Core Values. Integrity: Transparent operations and fair competition. Education: Empowering traders with knowledge and skills. Community: Building a supportive, engaged network. Innovation: Continuously improving our platform and features."
"","Team Section","H2: Meet Our Founders. Visual: More detailed headshots or character sketches. Content: Expanded bios, focusing on personal stories, professional achievements, and their vision for DAYRADE."
"","Testimonial Section","H2: Voices from the Arena. Body: Quotes from early users and beta testers, sharing their experiences and how DAYRADE has impacted their trading journey."
"","About Section","H2: Our Journey. Body: A timeline or narrative detailing the inception of DAYRADE, key milestones, and future goals. Highlight the challenges faced and overcome by the team, and the continuous effort to refine the platform."
"","Footer",""
"Contact / Support","Navbar","Company description:
DAYRADE is a skill-based esports arena for competitive day traders. Users compete in fair tournaments across three divisions (Elevator, Crusader, Raider), build AI spirit animal personas, and learn financial literacy through daily lessons and educational content.

Goals:
- Primary: Drive user sign-ups and KYC verification
- Secondary: Tournament registrations, community engagement via podcast/blog

Other relevant notes:
- Include these pages: Home, Onboarding Flow, KYC Verification, Trading Accounts & Tickets, Rewards & User Status, Divisions Overview, Elevator Division, Crusader Division, Raider Division, Tournaments Overview, Leaderboard, Schedule, Creator Kit, Learn Overview, Daily Lessons, Glossary, Community Overview, Podcast, Blog/Episodes, Player Spotlights, About Overview, Our Story, Contact/Support, FAQ
- Template pages for: Single Lesson, Single Glossary Term, Single Podcast Episode, Single Blog Post, Single Player Spotlight
- Design: Dual-theme (light/dark), Olymptrade style (dark, high-tech, 3D, neon accents)
- No social proof (startup)
- 6-10 sections per page"
"","Hero Header Section","HTML: <span class=""weight-700"">We're Here</span> <span class=""weight-400"">to</span> <span class=""weight-700 italic"">Help.</span> Subheadline: Have a question, a technical issue, or feedback? Our team is ready to assist you. Find the best way to get in touch below."
"","Feature Section","H2: Instant Answers. Find answers to common questions in our comprehensive Help Center. CTA: Search the Help Center"
"","Feature Section","H2: Submit a Ticket. For specific account or technical issues, submit a ticket, and our support team will get back to you within 24 hours. CTA: Open a Support Ticket"
"","Feature Section","H2: Join the Community. For general questions and community discussion, join our official Discord server. CTA: Join our Discord"
"","Contact Section","H2: Direct Contact. Need more help? Email us at support@dayrade.com or call +1-800-123-4567. Office hours: Mon-Fri, 9 AM - 6 PM (EST)."
"","Contact Form Section","H2: Send Us a Message. Fill out the form below with your query, and we'll get back to you as soon as possible. Fields: Name, Email, Subject, Message, Submit Button"
"","FAQ Section","H2: Frequently Asked Questions. Quick answers to the most common questions from our users. Search bar for easy navigation."
"","Footer",""
"FAQ","Navbar","Company description:
DAYRADE is a skill-based esports arena for competitive day traders. Users compete in fair tournaments across three divisions (Elevator, Crusader, Raider), build AI spirit animal personas, and learn financial literacy through daily lessons and educational content.

Goals:
- Primary: Drive user sign-ups and KYC verification
- Secondary: Tournament registrations, community engagement via podcast/blog

Other relevant notes:
- Include these pages: Home, Onboarding Flow, KYC Verification, Trading Accounts & Tickets, Rewards & User Status, Divisions Overview, Elevator Division, Crusader Division, Raider Division, Tournaments Overview, Leaderboard, Schedule, Creator Kit, Learn Overview, Daily Lessons, Glossary, Community Overview, Podcast, Blog/Episodes, Player Spotlights, About Overview, Our Story, Contact/Support, FAQ
- Template pages for: Single Lesson, Single Glossary Term, Single Podcast Episode, Single Blog Post, Single Player Spotlight
- Design: Dual-theme (light/dark), Olymptrade style (dark, high-tech, 3D, neon accents)
- No social proof (startup)
- 6-10 sections per page"
"","Hero Header Section","<span class=""weight-700"">Questions?</span> <span class=""weight-400"">We Have</span> <span class=""weight-700 italic"">Answers.</span> Subheadline: Find quick answers to the most common questions about DAYRADE, tournaments, and how to get started."
"","FAQ Section","**Category 1: Getting Started** Q: How do I create an account? A: Click ""Sign Up Now"" and follow the onboarding flow. You'll create your spirit animal, build your profile card, and be ready to compete in under 2 minutes. Q: Is DAYRADE free? A: Registration is free. The Elevator Division is free to enter. Crusader and Raider divisions require tickets, which can be purchased or earned through rewards. Q: What is KYC and why is it required? A: KYC (Know Your Customer) is a verification process that ensures fair play by preventing multiple accounts. It's required to compete in tournaments and withdraw winnings."
"","FAQ Section","**Category 2: Tournaments** Q: How do tournaments work? A: Tournaments are time-bound competitions where all participants start with the same virtual capital. Your performance determines your rank. Top performers win prizes. Q: What are the different divisions? A: Elevator (beginners, free entry), Crusader (intermediate, low-cost tickets, up to $1,000 prizes), and Raider (advanced, premium tickets, up to $10,000 prizes). Q: How do I enter a tournament? A: Browse the schedule, select a tournament, and register with a ticket. You'll receive access to your tournament trading account when the event begins."
"","FAQ Section","**Category 3: Rewards & Prizes** Q: How do I earn reward points? A: Complete daily lessons, refer new users, and participate in community events. Points can be redeemed for free tournament tickets. Q: How do I withdraw my winnings? A: Cash prizes are credited to your account within 24 hours of tournament completion. You can withdraw to your bank account or crypto wallet from your dashboard. Q: What is user status? A: User status is a progression system that unlocks perks like early tournament access, exclusive community channels, and priority support."
"","FAQ Section","**Category 4: Safety & Security** Q: Is my data safe? A: Yes. We use 256-bit encryption and comply with international data protection standards. Your information is never sold or shared. Q: How do you prevent cheating? A: Our anti-cheat system monitors all activity in real-time. KYC ensures one account per person, and suspicious behavior is flagged immediately."
"","CTA Section","H2: Still Have Questions? Body: If you didn't find what you're looking for, our support team is here to help. CTA: Contact Support"
"","Footer",""